Day,Day #,Confirmed Cases
22-Jan-20,0,1
23-Jan-20,1,1
24-Jan-20,2,2
25-Jan-20,3,2
26-Jan-20,4,5
27-Jan-20,5,5
28-Jan-20,6,5
29-Jan-20,7,6
30-Jan-20,8,6
31-Jan-20,9,8
1-Feb-20,10,8
2-Feb-20,11,8
3-Feb-20,12,11
4-Feb-20,13,11
5-Feb-20,14,11
6-Feb-20,15,12
7-Feb-20,16,12
8-Feb-20,17,12
9-Feb-20,18,12
10-Feb-20,19,12
11-Feb-20,20,13
12-Feb-20,21,13
13-Feb-20,22,14
14-Feb-20,23,14
15-Feb-20,24,14
16-Feb-20,25,14
17-Feb-20,26,15
18-Feb-20,27,16
19-Feb-20,28,16
20-Feb-20,29,16
21-Feb-20,30,16
22-Feb-20,31,16
23-Feb-20,32,16
24-Feb-20,33,17
25-Feb-20,34,18
26-Feb-20,35,19
27-Feb-20,36,19
28-Feb-20,37,19
29-Feb-20,38,26
1-Mar-20,39,39
2-Mar-20,40,57
3-Mar-20,41,79
4-Mar-20,42,113
5-Mar-20,43,184
6-Mar-20,44,247
7-Mar-20,45,417
8-Mar-20,46,538
9-Mar-20,47,630
10-Mar-20,48,797
11-Mar-20,49,1156
12-Mar-20,50,1596
13-Mar-20,51,2222
14-Mar-20,52,2952
15-Mar-20,53,3234
16-Mar-20,54,4667
17-Mar-20,55,6450
18-Mar-20,56,9156
19-Mar-20,57,13663
20-Mar-20,58,20064
21-Mar-20,59,26056
22-Mar-20,60,34944
23-Mar-20,61,46096
24-Mar-20,62,56714
25-Mar-20,63,68841
26-Mar-20,64,86662
27-Mar-20,65,105253
28-Mar-20,66,127417
29-Mar-20,67,143544
30-Mar-20,68,165698
31-Mar-20,69,192079
1-Apr-20,70,227543
2-Apr-20,71,259798
3-Apr-20,72,292201
4-Apr-20,73,323965
5-Apr-20,74,353117
6-Apr-20,75,385110
7-Apr-20,76,415256
8-Apr-20,77,446500
9-Apr-20,78,481981
10-Apr-20,79,516396
11-Apr-20,80,545313
12-Apr-20,81,571551
13-Apr-20,82,598789
14-Apr-20,83,627306
15-Apr-20,84,653345
16-Apr-20,85,682962
17-Apr-20,86,716153
18-Apr-20,87,743465
19-Apr-20,88,768889
20-Apr-20,89,799150
21-Apr-20,90,825479
22-Apr-20,91,855446
23-Apr-20,92,887524
24-Apr-20,93,919015
25-Apr-20,94,949641
26-Apr-20,95,975538
27-Apr-20,96,1000231
28-Apr-20,97,1024835
29-Apr-20,98,1051645
30-Apr-20,99,1081152
1-May-20,100,1115974
2-May-20,101,1142621
3-May-20,102,1166191
4-May-20,103,1190242
5-May-20,104,1214323
6-May-20,105,1238696
7-May-20,106,1266906
8-May-20,107,1294113
9-May-20,108,1318360
10-May-20,109,1337063
11-May-20,110,1356285
12-May-20,111,1379663
13-May-20,112,1399664
14-May-20,113,1425541
15-May-20,114,1449940
16-May-20,115,1473808
17-May-20,116,1492451
18-May-20,117,1514835
19-May-20,118,1535593
20-May-20,119,1558432
21-May-20,120,1583544
22-May-20,121,1607466
23-May-20,122,1627394
24-May-20,123,1647515
25-May-20,124,1666701
26-May-20,125,1685397
27-May-20,126,1704202
28-May-20,127,1725331
29-May-20,128,1750068
30-May-20,129,1772785
31-May-20,130,1791549
1-Jun-20,131,1809386
2-Jun-20,132,1829342
3-Jun-20,133,1848390
4-Jun-20,134,1876101
5-Jun-20,135,1902282
6-Jun-20,136,1922435
7-Jun-20,137,1940244
8-Jun-20,138,1957156
9-Jun-20,139,1977480
10-Jun-20,140,1999226
11-Jun-20,141,2021529
12-Jun-20,142,2047084
13-Jun-20,143,2071220
14-Jun-20,144,2090173
15-Jun-20,145,2111268
16-Jun-20,146,2135895
17-Jun-20,147,2162974
18-Jun-20,148,2191212
19-Jun-20,149,2222208
20-Jun-20,150,2254074
21-Jun-20,151,2279933
22-Jun-20,152,2309922
23-Jun-20,153,2348751
24-Jun-20,154,2385030
25-Jun-20,155,2424387
26-Jun-20,156,2473473
27-Jun-20,157,2514306
28-Jun-20,158,2557224
29-Jun-20,159,2598742
30-Jun-20,160,2648798
1-Jul-20,161,2698128
2-Jul-20,162,2753212
3-Jul-20,163,2804870
4-Jul-20,164,2850894
5-Jul-20,165,2904844
6-Jul-20,166,2948476
7-Jul-20,167,3005889
8-Jul-20,168,3066393
9-Jul-20,169,3126226
10-Jul-20,170,3194748
11-Jul-20,171,3255189
12-Jul-20,172,3315409
13-Jul-20,173,3375034
14-Jul-20,174,3440791
15-Jul-20,175,3507090
16-Jul-20,176,3577864
17-Jul-20,177,3644286
18-Jul-20,178,3708611
19-Jul-20,179,3767604
20-Jul-20,180,3828460
21-Jul-20,181,3896755
22-Jul-20,182,3964205
23-Jul-20,183,4031972
24-Jul-20,184,4106921
25-Jul-20,185,4170676
26-Jul-20,186,4226307
27-Jul-20,187,4286304
28-Jul-20,188,4350868
29-Jul-20,189,4414919
30-Jul-20,190,4484123
31-Jul-20,191,4548498
1-Aug-20,192,4605922
2-Aug-20,193,4652811
3-Aug-20,194,4694707
4-Aug-20,195,4756328
5-Aug-20,196,4810465
6-Aug-20,197,4870501
7-Aug-20,198,4930942
8-Aug-20,199,4994709
9-Aug-20,200,5048872
10-Aug-20,201,5100509
11-Aug-20,202,5157385
12-Aug-20,203,5212606
13-Aug-20,204,5264052
14-Aug-20,205,5334124
15-Aug-20,206,5386449
16-Aug-20,207,5421026
17-Aug-20,208,5459023
18-Aug-20,209,5503998
19-Aug-20,210,5549913
20-Aug-20,211,5595048
21-Aug-20,212,5642948
22-Aug-20,213,5688219
23-Aug-20,214,5720122
24-Aug-20,215,5754213
25-Aug-20,216,5796775
26-Aug-20,217,5838967
27-Aug-20,218,5889404
28-Aug-20,219,5935724
29-Aug-20,220,5978795
30-Aug-20,221,6012963
31-Aug-20,222,6046489
1-Sep-20,223,6088458
2-Sep-20,224,6128576
3-Sep-20,225,6173787
4-Sep-20,226,6222446
5-Sep-20,227,6265684
6-Sep-20,228,6294762
7-Sep-20,229,6319464
8-Sep-20,230,6346567
9-Sep-20,231,6380417
10-Sep-20,232,6420040
11-Sep-20,233,6464865
12-Sep-20,234,6510479
13-Sep-20,235,6550787
14-Sep-20,236,6583688
15-Sep-20,237,6621127
16-Sep-20,238,6659476
17-Sep-20,239,6704917
18-Sep-20,240,6755144
19-Sep-20,241,6800799
20-Sep-20,242,6842404
21-Sep-20,243,6874664
22-Sep-20,244,6912972
23-Sep-20,245,6954202
24-Sep-20,246,7003199
25-Sep-20,247,7050825
26-Sep-20,248,7094715
27-Sep-20,249,7128422
28-Sep-20,250,7164993
29-Sep-20,251,7207283
30-Sep-20,252,7246199
1-Oct-20,253,7292561
2-Oct-20,254,7346108
3-Oct-20,255,7395488
4-Oct-20,256,7428858
5-Oct-20,257,7466805
6-Oct-20,258,7511826
7-Oct-20,259,7561293
8-Oct-20,260,7619506
9-Oct-20,261,7674837
10-Oct-20,262,7730091
11-Oct-20,263,7776971
12-Oct-20,264,7819926
13-Oct-20,265,7870522
14-Oct-20,266,7929693
15-Oct-20,267,7993555
16-Oct-20,268,8063865
17-Oct-20,269,8118715
18-Oct-20,270,8171009
19-Oct-20,271,8239746
20-Oct-20,272,8302317
21-Oct-20,273,8363742
22-Oct-20,274,8443958
23-Oct-20,275,8526090
24-Oct-20,276,8604189
25-Oct-20,277,8664566
26-Oct-20,278,8729036
27-Oct-20,279,8808013
28-Oct-20,280,8896401
29-Oct-20,281,8989080
30-Oct-20,282,9089579
31-Oct-20,283,9176351
1-Nov-20,284,9254489
2-Nov-20,285,9338427
3-Nov-20,286,9465328
4-Nov-20,287,9567397
5-Nov-20,288,9697430
6-Nov-20,289,9826557
7-Nov-20,290,9953779
8-Nov-20,291,10073146
9-Nov-20,292,10192671
10-Nov-20,293,10331956
11-Nov-20,294,10481515
12-Nov-20,295,10641050
13-Nov-20,296,10819811
14-Nov-20,297,10982692
15-Nov-20,298,11121207
16-Nov-20,299,11276944
17-Nov-20,300,11444296
18-Nov-20,301,11617712
19-Nov-20,302,11809679
20-Nov-20,303,12010763
21-Nov-20,304,12188367
22-Nov-20,305,12333601
23-Nov-20,306,12517887
24-Nov-20,307,12692855
25-Nov-20,308,12874106
26-Nov-20,309,12987017
27-Nov-20,310,13202219
28-Nov-20,311,13369708
29-Nov-20,312,13509380
30-Nov-20,313,13667911
1-Dec-20,314,13866742
2-Dec-20,315,14063758
3-Dec-20,316,14283181
4-Dec-20,317,14518315
5-Dec-20,318,14738238
6-Dec-20,319,14916369
7-Dec-20,320,15112610
8-Dec-20,321,15340108
9-Dec-20,322,15555842
10-Dec-20,323,15791619
11-Dec-20,324,16028522
12-Dec-20,325,16251279
13-Dec-20,326,16441920
14-Dec-20,327,16652280
15-Dec-20,328,16879502
16-Dec-20,329,17113646
17-Dec-20,330,17352821
18-Dec-20,331,17599260
19-Dec-20,332,17804285
20-Dec-20,333,17990454
21-Dec-20,334,18187878
22-Dec-20,335,18393667
23-Dec-20,336,18614453
24-Dec-20,337,18826047
25-Dec-20,338,18951571
26-Dec-20,339,19169539
27-Dec-20,340,19305723
28-Dec-20,341,19480355
29-Dec-20,342,19687196
30-Dec-20,343,19905945
31-Dec-20,344,20219872
1-Jan-21,345,20397392
2-Jan-21,346,20670016
3-Jan-21,347,20873228
4-Jan-21,348,21059958
5-Jan-21,349,21292100
6-Jan-21,350,21551816
7-Jan-21,351,21836879
8-Jan-21,352,22139740
9-Jan-21,353,22403243
10-Jan-21,354,22613189
11-Jan-21,355,22817690
12-Jan-21,356,23040106
13-Jan-21,357,23268781
14-Jan-21,358,23503705
15-Jan-21,359,23748042
16-Jan-21,360,23965024
17-Jan-21,361,24141189
18-Jan-21,362,24282473
19-Jan-21,363,24439487
20-Jan-21,364,24627155
21-Jan-21,365,24819182
22-Jan-21,366,25010538
23-Jan-21,367,25187877
24-Jan-21,368,25327672
25-Jan-21,369,25457645
26-Jan-21,370,25608938
27-Jan-21,371,25764103
28-Jan-21,372,25930818
29-Jan-21,373,26094118
30-Jan-21,374,26244527
31-Jan-21,375,26357098
1-Feb-21,376,26482910
2-Feb-21,377,26600300
3-Feb-21,378,26724676
4-Feb-21,379,26849329
5-Feb-21,380,26979736
6-Feb-21,381,27096016
7-Feb-21,382,27185185
8-Feb-21,383,27268347
9-Feb-21,384,27364105
10-Feb-21,385,27459800
11-Feb-21,386,27565952
12-Feb-21,387,27665511
13-Feb-21,388,27755859
14-Feb-21,389,27824049
15-Feb-21,390,27880153
16-Feb-21,391,27939990
17-Feb-21,392,28008995
18-Feb-21,393,28081245
19-Feb-21,394,28156119
20-Feb-21,395,28229700
21-Feb-21,396,28284953
22-Feb-21,397,28341009
23-Feb-21,398,28414839
24-Feb-21,399,28489820
25-Feb-21,400,28566880
26-Feb-21,401,28641803
27-Feb-21,402,28712633
28-Feb-21,403,28764289
1-Mar-21,404,28814410
2-Mar-21,405,28873087
3-Mar-21,406,28940155
4-Mar-21,407,29008596
5-Mar-21,408,29075778
6-Mar-21,409,29136541
7-Mar-21,410,29178085
8-Mar-21,411,29222833
9-Mar-21,412,29278664
10-Mar-21,413,29336384
11-Mar-21,414,29398139
12-Mar-21,415,29460413
13-Mar-21,416,29516671
14-Mar-21,417,29555237
15-Mar-21,418,29606774
16-Mar-21,419,29661853
17-Mar-21,420,29721732
18-Mar-21,421,29783935
19-Mar-21,422,29844845
20-Mar-21,423,29903112
21-Mar-21,424,29938524
22-Mar-21,425,29986961
23-Mar-21,426,30039687
24-Mar-21,427,30127512
25-Mar-21,428,30194900
26-Mar-21,429,30271044
27-Mar-21,430,30334836
28-Mar-21,431,30381208
29-Mar-21,432,30447851
30-Mar-21,433,30510073
31-Mar-21,434,30579475
1-Apr-21,435,30656320
2-Apr-21,436,30730184
3-Apr-21,437,30794693
4-Apr-21,438,30832560
5-Apr-21,439,30900784
6-Apr-21,440,30964179
7-Apr-21,441,31039918
8-Apr-21,442,31119762
9-Apr-21,443,31204174
10-Apr-21,444,31274538
11-Apr-21,445,31321869
12-Apr-21,446,31385071
13-Apr-21,447,31465784
14-Apr-21,448,31540746
15-Apr-21,449,31614974
16-Apr-21,450,31697722
17-Apr-21,451,31753106
18-Apr-21,452,31796929
19-Apr-21,453,31856764
20-Apr-21,454,31919193
21-Apr-21,455,31983883
22-Apr-21,456,32050096
23-Apr-21,457,32112746
24-Apr-21,458,32167053
25-Apr-21,459,32201461
26-Apr-21,460,32244749
27-Apr-21,461,32296806
28-Apr-21,462,32352640
29-Apr-21,463,32410319
30-Apr-21,464,32468045
1-May-21,465,32516216
2-May-21,466,32546812
3-May-21,467,32592212
4-May-21,468,32634939
5-May-21,469,32680734
6-May-21,470,32726678
7-May-21,471,32774843
8-May-21,472,32809807
9-May-21,473,32832546
10-May-21,474,32865342
11-May-21,475,32900622
12-May-21,476,32936584
13-May-21,477,32974467
14-May-21,478,33016049
15-May-21,479,33046530
16-May-21,480,33064162
17-May-21,481,33089693
18-May-21,482,33118711
19-May-21,483,33147755
20-May-21,484,33177760
21-May-21,485,33206425
22-May-21,486,33227342
23-May-21,487,33241130
24-May-21,488,33263288
25-May-21,489,33287094
26-May-21,490,33311445
27-May-21,491,33337991
28-May-21,492,33359907
29-May-21,493,33372881
30-May-21,494,33380087
31-May-21,495,33386437
1-Jun-21,496,33407530
2-Jun-21,497,33424121
3-Jun-21,498,33442090
4-Jun-21,499,33459603
5-Jun-21,500,33474760
6-Jun-21,501,33480656
7-Jun-21,502,33494842
8-Jun-21,503,33507641
9-Jun-21,504,33525842
10-Jun-21,505,33540359
11-Jun-21,506,33564863
12-Jun-21,507,33573684
13-Jun-21,508,33578713
14-Jun-21,509,33590618
15-Jun-21,510,33601261
16-Jun-21,511,33613015
17-Jun-21,512,33624537
18-Jun-21,513,33645523
19-Jun-21,514,33654412
20-Jun-21,515,33659341
21-Jun-21,516,33670069
22-Jun-21,517,33680839
23-Jun-21,518,33693329
24-Jun-21,519,33707524
25-Jun-21,520,33732033
26-Jun-21,521,33741078
27-Jun-21,522,33745740
28-Jun-21,523,33759505
29-Jun-21,524,33767036
30-Jun-21,525,33782315
1-Jul-21,526,33797241
2-Jul-21,527,33826837
3-Jul-21,528,33832123
4-Jul-21,529,33836394
5-Jul-21,530,33845559
6-Jul-21,531,33868127
7-Jul-21,532,33888266
8-Jul-21,533,33909150
9-Jul-21,534,33956124
10-Jul-21,535,33966166
11-Jul-21,536,33977934
12-Jul-21,537,34007594
13-Jul-21,538,34034099
14-Jul-21,539,34065219
15-Jul-21,540,34097151
16-Jul-21,541,34175182
17-Jul-21,542,34189253
18-Jul-21,543,34209637
19-Jul-21,544,34258850
20-Jul-21,545,34298775
21-Jul-21,546,34346629
22-Jul-21,547,34403056
23-Jul-21,548,34523837
24-Jul-21,549,34553229
25-Jul-21,550,34581883
26-Jul-21,551,34660421
27-Jul-21,552,34725572
28-Jul-21,553,34799142
29-Jul-21,554,34871498
30-Jul-21,555,35062654
31-Jul-21,556,35107387
1-Aug-21,557,35152801
2-Aug-21,558,35260275
3-Aug-21,559,35358354
4-Aug-21,560,35460759
5-Aug-21,561,35570363
6-Aug-21,562,35822322
7-Aug-21,563,35886248
8-Aug-21,564,35921981
9-Aug-21,565,36080372
10-Aug-21,566,36198693
11-Aug-21,567,36353187
12-Aug-21,568,36497033
13-Aug-21,569,36723745
14-Aug-21,570,36797979
15-Aug-21,571,36845878
16-Aug-21,572,37039201
17-Aug-21,573,37190431
18-Aug-21,574,37357691
19-Aug-21,575,37513066
20-Aug-21,576,37752065
21-Aug-21,577,37845653
22-Aug-21,578,37891069
23-Aug-21,579,38097234
24-Aug-21,580,38252458
25-Aug-21,581,38431613
26-Aug-21,582,38615402
27-Aug-21,583,38853746
28-Aug-21,584,38933831
29-Aug-21,585,38987061
30-Aug-21,586,39214979
31-Aug-21,587,39395059
1-Sep-21,588,39585445
2-Sep-21,589,39764623
3-Sep-21,590,39999737
4-Sep-21,591,40087107
5-Sep-21,592,40151850
6-Sep-21,593,40241886
7-Sep-21,594,40451970
8-Sep-21,595,40629592
9-Sep-21,596,40796298
10-Sep-21,597,41037989
11-Sep-21,598,41128564
12-Sep-21,599,41178185
13-Sep-21,600,41385867
14-Sep-21,601,41531474
15-Sep-21,602,41704686
16-Sep-21,603,41863339
17-Sep-21,604,42073969
18-Sep-21,605,42150281
19-Sep-21,606,42196312
20-Sep-21,607,42365692
21-Sep-21,608,42487570
22-Sep-21,609,42619201
23-Sep-21,610,42748277
24-Sep-21,611,42922842
25-Sep-21,612,42984757
26-Sep-21,613,43040414
27-Sep-21,614,43194315
28-Sep-21,615,43307523
29-Sep-21,616,43429403
30-Sep-21,617,43539550
1-Oct-21,618,43694382
2-Oct-21,619,43744177
3-Oct-21,620,43790415
4-Oct-21,621,43930979
5-Oct-21,622,44026536
6-Oct-21,623,44139285
7-Oct-21,624,44240393
8-Oct-21,625,44370951
9-Oct-21,626,44411326
10-Oct-21,627,44452345
11-Oct-21,628,44545196
12-Oct-21,629,44656193
13-Oct-21,630,44764509
14-Oct-21,631,44850694
15-Oct-21,632,44959442
16-Oct-21,633,45000832
17-Oct-21,634,45034023
18-Oct-21,635,45130653
19-Oct-21,636,45213281
20-Oct-21,637,45305512
21-Oct-21,638,45382840
22-Oct-21,639,45478740
23-Oct-21,640,45513071
24-Oct-21,641,45534042
25-Oct-21,642,45643512
26-Oct-21,643,45711179
27-Oct-21,644,45813643
28-Oct-21,645,45888200
29-Oct-21,646,45982915
30-Oct-21,647,46019253
31-Oct-21,648,46053284
1-Nov-21,649,46163125
2-Nov-21,650,46233217
3-Nov-21,651,46319933
4-Nov-21,652,46401164
5-Nov-21,653,46498254
6-Nov-21,654,46535548
7-Nov-21,655,46574540
8-Nov-21,656,46681867
9-Nov-21,657,46761864
10-Nov-21,658,46856997
11-Nov-21,659,46914672
12-Nov-21,660,47058791
13-Nov-21,661,47104983
14-Nov-21,662,47138885
15-Nov-21,663,47269941
16-Nov-21,664,47357922
17-Nov-21,665,47470329
18-Nov-21,666,47578911
19-Nov-21,667,47705182
20-Nov-21,668,47752438
21-Nov-21,669,47793967
22-Nov-21,670,47934861
23-Nov-21,671,48026583
24-Nov-21,672,48138154
25-Nov-21,673,48175209
26-Nov-21,674,48229903
27-Nov-21,675,48258368
28-Nov-21,676,48303491
29-Nov-21,677,48488643
30-Nov-21,678,48606246
1-Dec-21,679,48743247
2-Dec-21,680,48881157
3-Dec-21,681,49039155
4-Dec-21,682,49106964
5-Dec-21,683,49163526
6-Dec-21,684,49338445
7-Dec-21,685,49450913
8-Dec-21,686,49600294
9-Dec-21,687,49724230
10-Dec-21,688,49881645
11-Dec-21,689,49939387
12-Dec-21,690,49992784
13-Dec-21,691,50176038
14-Dec-21,692,50289388
15-Dec-21,693,50435003
16-Dec-21,694,50577193
17-Dec-21,695,50769702
18-Dec-21,696,50851382
19-Dec-21,697,50942301
20-Dec-21,698,51183463
21-Dec-21,699,51365737
22-Dec-21,700,51613591
23-Dec-21,701,51887979
24-Dec-21,702,52136247
25-Dec-21,703,52224561
26-Dec-21,704,52408081
27-Dec-21,705,52914147
28-Dec-21,706,53286604
29-Dec-21,707,53797620
30-Dec-21,708,54395568
31-Dec-21,709,54907608
1-Jan-22,710,55099836
2-Jan-22,711,55396078
3-Jan-22,712,56438859
4-Jan-22,713,57267663
5-Jan-22,714,57943431
6-Jan-22,715,58788025
7-Jan-22,716,59667016
8-Jan-22,717,60075694
9-Jan-22,718,60569105
10-Jan-22,719,61923608
11-Jan-22,720,62709822
12-Jan-22,721,63563688
13-Jan-22,722,64428978
14-Jan-22,723,65308127
15-Jan-22,724,65724426
16-Jan-22,725,66210523
17-Jan-22,726,66870767
18-Jan-22,727,68003621
19-Jan-22,728,68913462
20-Jan-22,729,69644342
21-Jan-22,730,70450076
22-Jan-22,731,70760029
23-Jan-22,732,71130948
24-Jan-22,733,72039697
25-Jan-22,734,72531954
26-Jan-22,735,73209046
27-Jan-22,736,73712330
28-Jan-22,737,74324967
29-Jan-22,738,74507641
30-Jan-22,739,74708652
31-Jan-22,740,75243961
1-Feb-22,741,75570399
2-Feb-22,742,75897495
3-Feb-22,743,76171122
4-Feb-22,744,76525863
5-Feb-22,745,76614282
6-Feb-22,746,76699303
7-Feb-22,747,77041895
8-Feb-22,748,77255708
9-Feb-22,749,77442862
10-Feb-22,750,77613224
11-Feb-22,751,77821394
12-Feb-22,752,77874188
13-Feb-22,753,77933384
14-Feb-22,754,78100586
15-Feb-22,755,78210968
16-Feb-22,756,78324774
17-Feb-22,757,78426042
18-Feb-22,758,78569928
19-Feb-22,759,78602086
20-Feb-22,760,78625627
21-Feb-22,761,78705273
22-Feb-22,762,78794453
23-Feb-22,763,78878498
24-Feb-22,764,78945026
25-Feb-22,765,79018668
26-Feb-22,766,79066511
27-Feb-22,767,79085044
28-Feb-22,768,79181808
1-Mar-22,769,79228260
2-Mar-22,770,79281284
3-Mar-22,771,79329771
4-Mar-22,772,79388270
5-Mar-22,773,79403536
6-Mar-22,774,79416160
7-Mar-22,775,79469638
8-Mar-22,776,79498973
9-Mar-22,777,79535869
10-Mar-22,778,79581535
11-Mar-22,779,79630295
12-Mar-22,780,79640813
13-Mar-22,781,79652121
14-Mar-22,782,79686391
15-Mar-22,783,79709904
16-Mar-22,784,79761139
17-Mar-22,785,79813164
18-Mar-22,786,79844795
19-Mar-22,787,79855916
20-Mar-22,788,79867581
21-Mar-22,789,79908625
22-Mar-22,790,79929854
23-Mar-22,791,79969759
24-Mar-22,792,80011810
25-Mar-22,793,80056225
26-Mar-22,794,80065920
27-Mar-22,795,80077956
28-Mar-22,796,80115668
29-Mar-22,797,80138726
30-Mar-22,798,80176843
31-Mar-22,799,80221392
1-Apr-22,800,80252555
2-Apr-22,801,80264635
3-Apr-22,802,80269649
4-Apr-22,803,80307765
5-Apr-22,804,80332736
6-Apr-22,805,80372666
7-Apr-22,806,80422337
8-Apr-22,807,80495514
9-Apr-22,808,80508569
10-Apr-22,809,80518377
11-Apr-22,810,80556491
12-Apr-22,811,80591713
13-Apr-22,812,80641775
14-Apr-22,813,80695634
15-Apr-22,814,80730103
16-Apr-22,815,80742922
17-Apr-22,816,80750844
18-Apr-22,817,80810396
19-Apr-22,818,80848897
20-Apr-22,819,80916671
21-Apr-22,820,80977153
22-Apr-22,821,81065729
23-Apr-22,822,81086432
24-Apr-22,823,81100415
25-Apr-22,824,81168219
26-Apr-22,825,81213108
27-Apr-22,826,81302922
28-Apr-22,827,81379897
29-Apr-22,828,81441150
30-Apr-22,829,81466246
1-May-22,830,81483609
2-May-22,831,81577479
3-May-22,832,81627149
4-May-22,833,81739497
5-May-22,834,81827709
6-May-22,835,81956759
7-May-22,836,81985813
8-May-22,837,81992423
9-May-22,838,82121604
10-May-22,839,82192123
11-May-22,840,82353144
12-May-22,841,82458484
13-May-22,842,82545744
14-May-22,843,82564231
15-May-22,844,82597358
16-May-22,845,82774285
17-May-22,846,82859611
18-May-22,847,83063447
19-May-22,848,83198997
20-May-22,849,83347777
21-May-22,850,83375931
22-May-22,851,83396779
23-May-22,852,83538306
24-May-22,853,83622166
25-May-22,854,83832904
26-May-22,855,83968438
27-May-22,856,84076269
28-May-22,857,84090533
29-May-22,858,84097660
30-May-22,859,84160170
31-May-22,860,84327344
1-Jun-22,861,84556070
2-Jun-22,862,84678390
3-Jun-22,863,84835377
4-Jun-22,864,84863519
5-Jun-22,865,84879898
6-Jun-22,866,85039712
7-Jun-22,867,85126352
8-Jun-22,868,85324954
9-Jun-22,869,85456888
10-Jun-22,870,85563053
11-Jun-22,871,85598448
12-Jun-22,872,85616321
13-Jun-22,873,85767890
14-Jun-22,874,85858066
15-Jun-22,875,86042955
16-Jun-22,876,86172987
17-Jun-22,877,86311801
18-Jun-22,878,86329591
19-Jun-22,879,86347742
20-Jun-22,880,86443787
21-Jun-22,881,86554972
22-Jun-22,882,86740329
23-Jun-22,883,86879037
24-Jun-22,884,86996242
25-Jun-22,885,87037358
26-Jun-22,886,87059819
27-Jun-22,887,87219753
28-Jun-22,888,87317562
29-Jun-22,889,87507453
30-Jun-22,890,87675205
1-Jul-22,891,87832041
2-Jul-22,892,87852618
3-Jul-22,893,87861278
4-Jul-22,894,87937733
5-Jul-22,895,88079141
6-Jul-22,896,88279542
7-Jul-22,897,88418601
8-Jul-22,898,88556305
9-Jul-22,899,88585601
10-Jul-22,900,88610366
11-Jul-22,901,88811238
12-Jul-22,902,88959432
13-Jul-22,903,89163740
14-Jul-22,904,89339184
15-Jul-22,905,89492369
16-Jul-22,906,89531820
17-Jul-22,907,89561654
18-Jul-22,908,89726500
19-Jul-22,909,89843698
20-Jul-22,910,90060099
21-Jul-22,911,90235852
22-Jul-22,912,90367252
23-Jul-22,913,90393853
24-Jul-22,914,90417341
25-Jul-22,915,90607197
26-Jul-22,916,90739290
27-Jul-22,917,90979068
28-Jul-22,918,91156445
29-Jul-22,919,91315682
30-Jul-22,920,91331908
31-Jul-22,921,91345128
1-Aug-22,922,91514937
2-Aug-22,923,91605870
3-Aug-22,924,91806268
4-Aug-22,925,91993590
5-Aug-22,926,92099711
6-Aug-22,927,92114850
7-Aug-22,928,92127586
8-Aug-22,929,92282777
9-Aug-22,930,92382538
10-Aug-22,931,92579021
11-Aug-22,932,92742002
12-Aug-22,933,92838656
13-Aug-22,934,92922471
14-Aug-22,935,92932290
15-Aug-22,936,93054987
16-Aug-22,937,93146765
17-Aug-22,938,93283639
18-Aug-22,939,93432763
19-Aug-22,940,93510309
20-Aug-22,941,93521517
21-Aug-22,942,93531388
22-Aug-22,943,93660337
23-Aug-22,944,93759619
24-Aug-22,945,93911304
25-Aug-22,946,94050962
26-Aug-22,947,94172034
27-Aug-22,948,94183949
28-Aug-22,949,94192541
29-Aug-22,950,94298718
30-Aug-22,951,94374350
31-Aug-22,952,94528519
1-Sep-22,953,94658751
2-Sep-22,954,94723389
3-Sep-22,955,94734875
4-Sep-22,956,94742358
5-Sep-22,957,94776030
6-Sep-22,958,94888471
7-Sep-22,959,95012440
8-Sep-22,960,95119659
9-Sep-22,961,95220418
10-Sep-22,962,95230576
11-Sep-22,963,95239619
12-Sep-22,964,95309005
13-Sep-22,965,95388673
14-Sep-22,966,95491875
15-Sep-22,967,95575511
16-Sep-22,968,95631745
17-Sep-22,969,95640316
18-Sep-22,970,95645806
19-Sep-22,971,95701495
20-Sep-22,972,95770754
21-Sep-22,973,95869118
22-Sep-22,974,95950189
23-Sep-22,975,96033473
24-Sep-22,976,96043230
25-Sep-22,977,96049974
26-Sep-22,978,96095524
27-Sep-22,979,96156572
28-Sep-22,980,96243115
29-Sep-22,981,96327652
30-Sep-22,982,96361217
1-Oct-22,983,96369259
2-Oct-22,984,96375142
3-Oct-22,985,96416627
4-Oct-22,986,96471984
5-Oct-22,987,96543361
6-Oct-22,988,96604319
7-Oct-22,989,96662653
8-Oct-22,990,96670492
9-Oct-22,991,96676129
10-Oct-22,992,96699200
11-Oct-22,993,96760047
12-Oct-22,994,96824747
13-Oct-22,995,96888365
14-Oct-22,996,96915435
15-Oct-22,997,96921518
16-Oct-22,998,96928334
17-Oct-22,999,96967281
18-Oct-22,1000,97010944
19-Oct-22,1001,97071640
20-Oct-22,1002,97129070
21-Oct-22,1003,97175195
22-Oct-22,1004,97180685
23-Oct-22,1005,97189322
24-Oct-22,1006,97228706
25-Oct-22,1007,97272509
26-Oct-22,1008,97344049
27-Oct-22,1009,97403386
28-Oct-22,1010,97433827
29-Oct-22,1011,97442953
30-Oct-22,1012,97446385
31-Oct-22,1013,97491348
1-Nov-22,1014,97540315
2-Nov-22,1015,97614354
3-Nov-22,1016,97685199
4-Nov-22,1017,97723911
5-Nov-22,1018,97729215
6-Nov-22,1019,97737345
7-Nov-22,1020,97778022
8-Nov-22,1021,97809479
9-Nov-22,1022,97906801
10-Nov-22,1023,97973142
11-Nov-22,1024,97986323
12-Nov-22,1025,97991589
13-Nov-22,1026,97994231
14-Nov-22,1027,98044639
15-Nov-22,1028,98104510
16-Nov-22,1029,98189241
17-Nov-22,1030,98243329
18-Nov-22,1031,98298920
19-Nov-22,1032,98303935
20-Nov-22,1033,98307876
21-Nov-22,1034,98352387
22-Nov-22,1035,98408698
23-Nov-22,1036,98522121
24-Nov-22,1037,98538434
25-Nov-22,1038,98560756
26-Nov-22,1039,98564047
27-Nov-22,1040,98569979
28-Nov-22,1041,98632284
29-Nov-22,1042,98699725
30-Nov-22,1043,98812717
1-Dec-22,1044,98903339
2-Dec-22,1045,98967706
3-Dec-22,1046,98974834
4-Dec-22,1047,98980389
5-Dec-22,1048,99038206
6-Dec-22,1049,99133205
7-Dec-22,1050,99278638
8-Dec-22,1051,99377901
9-Dec-22,1052,99414498
10-Dec-22,1053,99421755
11-Dec-22,1054,99428143
12-Dec-22,1055,99487815
13-Dec-22,1056,99581615
14-Dec-22,1057,99730306
15-Dec-22,1058,99842911
16-Dec-22,1059,99897956
17-Dec-22,1060,99905031
18-Dec-22,1061,99911091
19-Dec-22,1062,99971896
20-Dec-22,1063,100053854
21-Dec-22,1064,100236005
22-Dec-22,1065,100332184
23-Dec-22,1066,100371416
24-Dec-22,1067,100377928
25-Dec-22,1068,100381143
26-Dec-22,1069,100393560
27-Dec-22,1070,100504495
28-Dec-22,1071,100617849
29-Dec-22,1072,100721842
30-Dec-22,1073,100756345
31-Dec-22,1074,100764307
1-Jan-23,1075,100768606
2-Jan-23,1076,100776919
3-Jan-23,1077,100889262
4-Jan-23,1078,101087424
5-Jan-23,1079,101195296
6-Jan-23,1080,101260513
7-Jan-23,1081,101266385
8-Jan-23,1082,101272109
9-Jan-23,1083,101315138
10-Jan-23,1084,101398439
11-Jan-23,1085,101538088
12-Jan-23,1086,101603089
13-Jan-23,1087,101636423
14-Jan-23,1088,101641716
15-Jan-23,1089,101645050
16-Jan-23,1090,101652565
17-Jan-23,1091,101733841
18-Jan-23,1092,101862486
19-Jan-23,1093,101953685
20-Jan-23,1094,101991190
21-Jan-23,1095,101996305
22-Jan-23,1096,101999556
23-Jan-23,1097,102030507
24-Jan-23,1098,102085976
25-Jan-23,1099,102188042
26-Jan-23,1100,102251950
27-Jan-23,1101,102268598
28-Jan-23,1102,102273055
29-Jan-23,1103,102276393
30-Jan-23,1104,102305136
31-Jan-23,1105,102360137
1-Feb-23,1106,102476307
2-Feb-23,1107,102557692
3-Feb-23,1108,102596170
4-Feb-23,1109,102600184
5-Feb-23,1110,102602939
6-Feb-23,1111,102626931
7-Feb-23,1112,102672142
8-Feb-23,1113,102755381
9-Feb-23,1114,102837101
10-Feb-23,1115,102850919
11-Feb-23,1116,102855163
12-Feb-23,1117,102857632
13-Feb-23,1118,102878993
14-Feb-23,1119,102912933
